{"cameraMode":{"drawMode":0,"name":"Shaded","section":"Shading Mode"},"sceneLighting":true,"audioPlay":false,"sceneViewState":{"showFog":true,"showMaterialUpdate":false,"showSkybox":true,"showFlares":true,"showImageEffects":true,"showParticleSystems":true,"showVisualEffectGraphs":true,"m_FxEnabled":true},"in2DMode":false,"pivot":{"x":-3.4699974060058595,"y":1.6270118951797486,"z":22.110000610351564},"rotation":{"x":0.04192456603050232,"y":0.05482231825590134,"z":-0.002313225995749235,"w":0.9976275563240051},"size":38.838401794433597,"orthographic":false}